{
  "nivel_tecnico": 0.18110156644770084,
  "urgencia": 0.2052119349468562,
  "emocion": 0.039680987461155656,
  "dominio": 0.04746515287769784
}